{
    "$schema": "https://go.kicad.org/pcm/schemas/v1",
    "name": "Via Grid Generator",
    "description": "Automatically place ground vias in a grid pattern with DRC compliance",
    "description_full": "A powerful KiCad plugin that automatically generates a grid of vias for ground plane stitching or thermal management. Features include:\n\n• Configurable grid spacing and via parameters\n• Automatic DRC compliance checking\n• Board outline detection\n• Clearance checking against pads, tracks, and existing vias\n• Support for custom net selection\n• Progress reporting for large grids\n• Proper handling of complex board shapes\n\nThe plugin intelligently avoids existing components and traces while maximizing via coverage within the board outline.",
    "identifier": "com.github.johannes.viagridgenerator",
    "type": "plugin",
    "author": {
        "name": "Johannes",
        "contact": {
            "web": "https://github.com/Johannes-ece"
        }
    },
    "license": "MIT",
    "resources": {
        "homepage": "https://github.com/Johannes-ece/kicad-auto-via"
    },
    "versions": [
        {
            "version": "1.0.1",
            "status": "stable",
            "kicad_version": "9.0"
        }
    ]
}